,usd,24h_volume
tether,0.999957,19432319481.637714
bitcoin,26294.0,16047970946.4941
ethereum,1661.41,8599754999.236206
usd-coin,0.999567,5369756568.7485075
binancecoin,218.82,514744273.07541573
solana,21.53,403478121.80304587
dogecoin,0.063084,248475667.9606611
tron,0.077067,205797053.3679465
cardano,0.26538,172175733.5429265
tether-gold,1916.46,3739898.399688161
